"# To unbundle, sh this file"
echo data.des.form 1>&2
sed 's/.//' >data.des.form <<'//GO.SYSIN DD data.des.form'
-
-
-
-
-
-
-            1988 Graphics Section Poster Session
 -          Displaying Analysis of Baseball Salaries
-
-     The Statistical Graphics Section of the  American  Sta-
 -tistical  Association is sponsoring a special poster session
"-titled ""Why They Make What They Make - An Analysis of  Major"
"-League  Baseball  Salaries.""   The  session  will be held in"
-August 1988 at the meetings in New Orleans and  is  intended
 -to  allow  members  to  compare techniques for analyzing and
 -Displaying data.  The session provides a forum for both  old
 -and  new  graphical techniques to describe and summarize The
 -data.
-
 -     The results of each Analysis will be  displayed  during
 -The  poster session.  each participant will be given a space
 -to display his/her results and  other  conference  attendees
 -will be encouraged to discuss them with you.  There will not
"-be any formal discussion or comparison of results.   Rather,"
 -The  opportunity  is  provided for informal comparison among
 -ourselves.
-
 -     Since  this  session  is  treated   as   an   organized
"-contributed-paper  session,  you  must submit a contributed-"
 -paper abstract to The ASA  office.   The  abstract  must  be
"-postmarked  not  later than February 15, 1988 AND identified"
-as a contribution to the special Statistical Graphics  Expo-
 -sition.   The  forms can be found in future issues of AMSTAT
 -News.  The abstract can be very  general.   a  sample  which
 -will  suffice  is  provided below.  Variations might include
" -The software, hardware and techniques you plan to use.   you"
-have  until August to work on the analysis.  After the meet-
 -ings you will be given an opportunity  to  include  a  short
-paper  describing  your  analysis in the 1988 Proceedings of
 -The Statistical Graphics Section.
-
-
 -                      sample abstract
-
-             Analysis of Baseball Salary Data *
-
-     This analysis describes and  summarizes  the  relation-
-     ships  between  1987  salaries of major league baseball
-     players and the player's performance.  We use graphical
-     methods to show relationships between a player's salary
-     to his 1986 and career performance statistics  and  the
-     player's team.
-
-     *Contribution to special Statistical  Graphics  Exposi-
 -     tion
-
-
-
-
-
-
-
"-                     September 2, 1987"
-
-
-
-
-
-
-                           - 2 -
-
-
-     Description of the 1988 Graphics Section Data Set
-
 -     The Data consist of three files consisting of  Data  on
"-the regular and leading substitute hitters in 1986, the reg-"
-ular pitchers in 1986 and the team statistics.   The  salary
"-data  were  taken  from  Sports Illustrated, April 20, 1987."
 -The Salary of any player not included  in  that  article  is
-listed  as an NA.  The 1986 and career statistics were taken
-from The 1987 Baseball Encyclopedia Update published by Col-
" -lier  Books,  Macmillan  Publishing  Company, new York.  The"
 -team attendance figures were obtained from The Elias  Sports
" -Bureau, personal conversation."
-
 -     The goal is to use  graphical  methods  to  attempt  to
 -explain differences in The Salaries of major League Baseball
"-players and to answer the question ""Are players paid accord-"
"-ing to their performance?""."
-
-
-
-
-
-
-
-
-
-
-
-
-
-
-
-
-
-
-
-
-
-
-
-
-
-
-
-
-
-
-
-
-
-
-
-
-,,,,,,
-,,,,,,
-,,,,,,
"-                     September 2, 1987",,,,,,
-,,,,,,
-,,,,,,
-,,,,,,
-,,,,,,
-,,,,,,
-,,,,,,
-                           - 3 -,,,,,,
-,,,,,,
-,,,,,,
 -                      The Hitter File,,,,,,
 -There is one line per hitter.  each Data item  is  separated,,,,,,
 -by a tab character.  The variables are,in 1986,,,,,
name,at bat in 86,hits in 86,home runs in 86,runs in 86,RBI in 86,walks in 86,yr in Major,at bat in career,hits in career,HR in career,runs in career,RBI in career,walks in career,legaue eoy 86,div eoy 86,team eoy 86,put outs in 86,assists in 86,errors in 86,salary 87,league 87,team 87
"-     number of times at bat in 1986,",,,,,,,,,,,,,,,,,,,,,,
"-     number of hits in 1986,",,,,,,,,,,,,,,,,,,,,,,
"-     number of home runs in 1986,",,,,,,,,,,,,,,,,,,,,,,
"-     number of runs in 1986,",,,,,,,,,,,,,,,,,,,,,,
"-     number of runs batted in in 1986,",,,,,,,,,,,,,,,,,,,,,,
"-     number of walks in 1986,",,,,,,,,,,,,,,,,,,,,,,
"-     number of years in the major leagues,",,,,,,,,,,,,,,,,,,,,,,
"-     number of times at bat during his career,",,,,,,,,,,,,,,,,,,,,,,
"-     number of hits during his career,",,,,,,,,,,,,,,,,,,,,,,
"-     number of home runs during his career,",,,,,,,,,,,,,,,,,,,,,,
"-     number of runs during his career,",,,,,,,,,,,,,,,,,,,,,,
"-     number of runs batted in during his career,",,,,,,,,,,,,,,,,,,,,,,
"-     number of walks during his career,",,,,,,,,,,,,,,,,,,,,,,
"-     player's league at the end of 1986,",,,,,,,,,,,,,,,,,,,,,,
"-     player's division at the end of 1986,",,,,,,,,,,,,,,,,,,,,,,
"-     player's team at the end of 1986,",,,,,,,,,,,,,,,,,,
"-     player's position(s) in 1986,",,,,,,,,,,,,,,,,,,
"-     number of put outs in 1986,",,,,,,,,,,,,,,,,,,
"-     number of assists in 1986,",,,,,,,,,,,,,,,,,,
"-     number of errors in 1986,",,,,,,,,,,,,,,,,,,
-     1987 annual salary on opening day in thousands of  dol-,,,,,,,,,,,,,,,,,,
"-     lars,",,,,,,,,,,,,,,,,,,
"-     player's league at the beginning of 1987,",,,,,,,,,,,,,,,,,,
-     player's team at the beginning of 1987.,,,,,,,,,,,,,,,,,,
-,,,,,,,,,,,,,,,,,,
 -                      The Pitcher File,,,,,,,,,,,,,,,,,,
 -There is one line per pitcher.  each Data item is  separated,,,,,,,,,,,,,,,,,,
 -by a tab character.  The variables are,,,,,,,,,,,,,,,,,,
name,team eoy 86,leauge eoy 86,wins in 86,losses in 86,ERA in 86,games in 86,innings in 86,saves in 86,years in majors,wins in career,lossess in career,era in career,games in career,innings in career,saves in career,salary in 87,league in 87,team in 87
"-     player's team at the end of in 1986,",,,,,,,,,,,,,,,,,,
"-     player's league at the end of 1986,",,,,,,,,,,,,,,,,,,
"-     number of wins in 1986,"
"-     number of losses in 1986,"
"-     earned run average in 1986,"
"-     number of games in 1986,"
"-     number of innings pitched in 1986,"
"-     number of saves in 1986,"
"-     number of years in the major leagues,"
"-     number of wins during his career,"
"-     number of losses during his career,"
"-     earned run average during his career,"
"-     number of games during his career,"
"-     number of innings pitched during his career,"
"-     number of saves during his career,"
-     1987 annual salary on opening day in thousands of  dol-
"-     lars,"
"-     player's league at the beginning of 1987,"
-     player's team at the beginning of 1987.
-
-
-
-
"-                     September 2, 1987"
-
-
-
-
-
-
-                           - 4 -
-
-
 -                       The team File
 -There is one line per team.  each Data item is separated  by,,,,,,,,
 -a tab character.  The variables are,,,,,,,,
league,division,standing in 86,team,wins in 86,losses in 86,home attendance in 86,away attendance in 86,av salary in 87
"-     division,",,,,,,,,
"-     position in final league standings in 1986,",,,,,,,,
"-     team,",,,,,,,,
"-     number of wins in 1986,",,,,,,,,
"-     number of losses in 1986,",,,,,,,,
"-     attendance for home games in 1986,",,,,,,,,
"-     attendance for away games in 1986,",,,,,,,,
-     1987 average salary.,,,,,,,,
-,,,,,,,,
-,,,,,,,,
-,,,,,,,,
 -              Coding for some of The variables,,,,,,,,
-Team Names:,,,,,,,,
 -     N.Y. new York
 -     Phi. Philadelphia
 -     St.L.     St. Louis
 -     Mon. Montreal
 -     Chi. Chicago
 -     Pit. Pittsburgh
 -     Hou. Houston
 -     Cin. Cincinnati
 -     S.F. San Francisco
 -     S.D. San Diego
 -     L.A. Los Angeles
 -     Atl. Atlanta
 -     Bos. Boston
 -     Det. Detroit
 -     Tor. Toronto
 -     Cle. Cleveland
 -     Mil. Milwaukee
 -     Bal. Baltimore
 -     Cal. California
 -     Tex. Texas
 -     K.C. Kansas City
 -     Oak. Oakland
 -     Min. Minnesota
 -     Sea. Seattle
-
-Leagues:
 -     N    National
 -     a    American
-
-Division:
 -     W    West
 -     E    East
-
-
-
-
-
-
-
"-                     September 2, 1987"
-
-
-
-
-
-
-                           - 5 -
-
-
-Player's position(s):
-
-     If a substitute played 70% of his games  at  one  posi-
" -tion,  that  is The only position listed for him.  If he did"
"-not play 70% of his games at one position, but played 90% of"
" -his  games  at two position, he is listed with a combination"
"-position, such as ""S2"" for shortstop  and  second  base,  or"
"-""CO""  for  catcher and outfield.  If a player failed to meet"
"-either the 70% or 90% requirement listed above, he is listed"
"-as a utillity player (""UT"")."
-     1B   First Base
-     2B   Second Base
 -     SS   short Stop
-     3B   Third Base
 -     RF   Right Field
 -     CF   Center Field
 -     LF   Left Field
-     C    Catcher
 -     DH   Designated Hitter
 -     of   Outfield
 -     UT   Utility
 -     OS   Outfield and short Stop
-     3S   Third Base and Short Stop
-     13   First and Third Base
-     3O   Third Base and Outfield
 -     O1   Outfield and First Base
 -     S3   short Stop and Third Base
-     32   Third and Second Base
 -     DO   Designated Hitter and Outfield
 -     OD   Outfield and Designated Hitter
 -     CD   catcher and Designated Hitter
 -     CS   catcher and short Stop
-     23   Second and Third Base
-     1O   First Base and Outfield
-     2S   Second Base and Short Stop
-
-
-
-
-
-
-
-
-
-
-
-
-,,,,,,,,,,,,,,,,,,,,,,
-,,,,,,,,,,,,,,,,,,,,,,
-,,,,,,,,,,,,,,,,,,,,,,
-,,,,,,,,,,,,,,,,,,,,,,
-,,,,,,,,,,,,,,,,,,,,,,
-,,,,,,,,,,,,,,,,,,,,,,
-,,,,,,,,,,,,,,,,,,,,,,
-,,,,,,,,,,,,,,,,,,,,,,
-,,,,,,,,,,,,,,,,,,,,,,
"-                     September 2, 1987",,,,,,,,,,,,,,,,,,,,,,
-,,,,,,,,,,,,,,,,,,,,,,
-,,,,,,,,,,,,,,,,,,,,,,
-,,,,,,,,,,,,,,,,,,,,,,
//GO.SYSIN DD data.des.form,,,,,,,,,,,,,,,,,,,,,,
echo hitter.final 1>&2,,,,,,,,,,,,,,,,,,,,,,
name,at bat in 86,hits in 86,home runs in 86,runs in 86,RBI in 86,walks in 86,yr in Major,at bat in career,hits in career,HR in career,runs in career,RBI in career,walks in career,legaue eoy 86,div eoy 86,team eoy 86,put outs in 86,assists in 86,errors in 86,salary 87,league 87,team 87
 Andy Allanson,293,66,1,30,29,14,1,293,66,1,30,29,14,A,E,Cle.,C,446,33,20,NA,A,Cle.
Alan Ashby,315,81,7,24,38,39,14,3449,835,69,321,414,375,N,W,Hou.,C,632,43,10,475,N,Hou.
  Alvin Davis,479,130,18,66,72,76,3,1624,457,63,224,266,263,A,W,Sea.,1B,880,82,14,480,A,Sea.
  Andre Dawson,496,141,20,65,78,37,11,5628,1575,225,828,838,354,N,E,Mon.,RF,200,11,3,500,N,Chi.
  Andres Galarraga,321,87,10,39,42,30,2,396,101,12,48,46,33,N,E,Mon.,1B,805,40,4,91.5,N,Mon.
  Alfredo Griffin,594,169,4,74,51,35,11,4408,1133,19,501,336,194,A,W,Oak.,SS,282,421,25,750,A,Oak.
  Al Newman,185,37,1,23,8,21,2,214,42,1,30,9,24,N,E,Mon.,2B,76,127,7,70,A,Min.
  Argenis Salazar,298,73,0,24,24,7,3,509,108,0,41,37,12,A,W,K.C.,SS,121,283,9,100,A,K.C.
  Andres Thomas,323,81,6,26,32,8,2,341,86,6,32,34,8,N,W,Atl.,SS,143,290,19,75,N,Atl.
  Andre Thornton,401,92,17,49,66,65,13,5206,1332,253,784,890,866,A,E,Cle.,DH,0,0,0,1100,A,Cle.
  Alan Trammell,574,159,21,107,75,59,10,4631,1300,90,702,504,488,A,E,Det.,SS,238,445,22,517.14300000000003,A,Det.
  Alex Trevino,202,53,4,31,26,27,9,1876,467,15,192,186,161,N,W,L.A.,C,304,45,11,512.5,N,L.A.
  Andy Van Slyke,418,113,13,48,61,47,4,1512,392,41,205,204,203,N,E,St.L.,RF,211,11,7,550,N,Pit.
  Alan Wiggins,239,60,0,30,11,22,6,1941,510,4,309,103,207,A,E,Bal.,2B,121,151,6,700,A,Bal.
  Bill Almon,196,43,7,29,27,30,13,3231,825,36,376,290,238,N,E,Pit.,UT,80,45,8,240,N,Pit.
  Billy Beane,183,39,3,20,15,11,3,201,42,3,20,16,11,A,W,Min.,OF,118,0,0,NA,A,Min.
  Buddy Bell,568,158,20,89,75,73,15,8068,2273,177,1045,993,732,N,W,Cin.,3B,105,290,10,775,N,Cin.
  Buddy Biancalana,190,46,2,24,8,15,5,479,102,5,65,23,39,A,W,K.C.,SS,102,177,16,175,A,K.C.
  Bruce Bochte,407,104,6,57,43,65,12,5233,1478,100,643,658,653,A,W,Oak.,1B,912,88,9,NA,A,Oak.
  Bruce Bochy,127,32,8,16,22,14,8,727,180,24,67,82,56,N,W,S.D.,C,202,22,2,135,N,S.D.
  Barry Bonds,413,92,16,72,48,65,1,413,92,16,72,48,65,N,E,Pit.,CF,280,9,5,100,N,Pit.
  Bobby Bonilla,426,109,3,55,43,62,1,426,109,3,55,43,62,A,W,Chi.,O1,361,22,2,115,N,Pit.
  Bob Boone,22,10,1,4,2,1,6,84,26,2,9,9,3,A,W,Cal.,C,812,84,11,NA,A,Cal.
  Bob Brenly,472,116,16,60,62,74,6,1924,489,67,242,251,240,N,W,S.F.,C,518,55,3,600,N,S.F.
  Bill Buckner,629,168,18,73,102,40,18,8424,2464,164,1008,1072,402,A,E,Bos.,1B,1067,157,14,776.66700000000003,A,Bos.
  Brett Butler,587,163,4,92,51,70,6,2695,747,17,442,198,317,A,E,Cle.,CF,434,9,3,765,A,Cle.
  Bob Dernier,324,73,4,32,18,22,7,1931,491,13,291,108,180,N,E,Chi.,CF,222,3,3,708.33299999999997,N,Chi.
  Bo Diaz,474,129,10,50,56,40,10,2331,604,61,246,327,166,N,W,Cin.,C,732,83,13,750,N,Cin.
  Bill Doran,550,152,6,92,37,81,5,2308,633,32,349,182,308,N,W,Hou.,2B,262,329,16,625,N,Hou.
  Brian Downing,513,137,20,90,95,90,14,5201,1382,166,763,734,784,A,W,Cal.,LF,267,5,3,900,A,Cal.
  Bobby Grich,313,84,9,42,30,39,17,6890,1833,224,1033,864,1087,A,W,Cal.,2B,127,221,7,NA,A,Cal.
  Billy Hatcher,419,108,6,55,36,22,3,591,149,8,80,46,31,N,W,Hou.,CF,226,7,4,110,N,Hou.
  Bob Horner,517,141,27,70,87,52,9,3571,994,215,545,652,337,N,W,Atl.,1B,1378,102,8,NA,N,Atl.
  Brook Jacoby,583,168,17,83,80,56,5,1646,452,44,219,208,136,A,E,Cle.,3B,109,292,25,612.5,A,Cle.
  Bob Kearney,204,49,6,23,25,12,7,1309,308,27,126,132,66,A,W,Sea.,C,419,46,5,300,A,Sea.
  Bill Madlock,379,106,10,38,60,30,14,6207,1906,146,859,803,571,N,W,L.A.,3B,72,170,24,850,N,L.A.
  Bobby Meacham,161,36,0,19,10,17,4,1053,244,3,156,86,107,A,E,N.Y.,SS,70,149,12,NA,A,N.Y.
  Bob Melvin,268,60,5,24,25,15,2,350,78,5,34,29,18,N,W,S.F.,C,442,59,6,90,N,S.F.
  Ben Oglivie,346,98,5,31,53,30,16,5913,1615,235,784,901,560,A,E,Mil.,DH,0,0,0,NA,A,Mil.
  Bip Roberts,241,61,1,34,12,14,1,241,61,1,34,12,14,N,W,S.D.,2B,166,172,10,NA,N,S.D.
  Billy Jo Robidoux,181,41,1,15,21,33,2,232,50,4,20,29,45,A,E,Mil.,1B,326,29,5,67.5,A,Mil.
  Bill Russell,216,54,0,21,18,15,18,7318,1926,46,796,627,483,N,W,L.A.,UT,103,84,5,NA,N,L.A.
  Billy sample,200,57,6,23,14,14,9,2516,684,46,371,230,195,N,W,Atl.,OF,69,1,1,NA,N,Atl.
  Bill Schroeder,217,46,7,32,19,9,4,694,160,32,86,76,32,A,E,Mil.,UT,307,25,1,180,A,Mil.
  Butch Wynegar,194,40,7,19,29,30,11,4183,1069,64,486,493,608,A,E,N.Y.,C,325,22,2,NA,A,Cal.
  Chris Bando,254,68,2,28,26,22,6,999,236,21,108,117,118,A,E,Cle.,C,359,30,4,305,A,Cle.
  Chris Brown,416,132,7,57,49,33,3,932,273,24,113,121,80,N,W,S.F.,3B,73,177,18,215,N,S.F.
  Carmen Castillo,205,57,8,34,32,9,5,756,192,32,117,107,51,A,E,Cle.,OD,58,4,4,247.5,A,Cle.
  Cecil Cooper,542,140,12,46,75,41,16,7099,2130,235,987,1089,431,A,E,Mil.,1B,697,61,9,NA,A,Mil.
  Chili Davis,526,146,13,71,70,84,6,2648,715,77,352,342,289,N,W,S.F.,RF,303,9,9,815,N,S.F.
  Carlton Fisk,457,101,14,42,63,22,17,6521,1767,281,1003,977,619,A,W,Chi.,C,389,39,4,875,A,Chi.
  Curt Ford,214,53,2,30,29,23,2,226,59,2,32,32,27,N,E,St.L.,OF,109,7,3,70,N,St.L.
  Cliff Johnson,19,7,0,1,2,1,4,41,13,1,3,4,4,A,E,Tor.,DH,0,0,0,NA,A,Tor.
  Carney Lansford,591,168,19,80,72,39,9,4478,1307,113,634,563,319,A,W,Oak.,3B,67,147,4,1200,A,Oak.
  Chet Lemon,403,101,12,45,53,39,12,5150,1429,166,747,666,526,A,E,Det.,CF,316,6,5,675,A,Det.
  Candy Maldonado,405,102,18,49,85,20,6,950,231,29,99,138,64,N,W,S.F.,OF,161,10,3,415,N,S.F.
  Carmelo Martinez,244,58,9,28,25,35,4,1335,333,49,164,179,194,N,W,S.D.,O1,142,14,2,340,N,S.D.
  Charlie Moore,235,61,3,24,39,21,14,3926,1029,35,441,401,333,A,E,Mil.,C,425,43,4,NA,A,Mil.
  Craig Reynolds,313,78,6,32,41,12,12,3742,968,35,409,321,170,N,W,Hou.,SS,106,206,7,416.66699999999997,N,Hou.
  Cal Ripken,627,177,25,98,81,70,6,3210,927,133,529,472,313,A,E,Bal.,SS,240,482,13,1350,A,Bal.
  Cory Snyder,416,113,24,58,69,16,1,416,113,24,58,69,16,A,E,Cle.,OS,203,70,10,90,A,Cle.
  Chris Speier,155,44,6,21,23,15,16,6631,1634,98,698,661,777,N,E,Chi.,3S,53,88,3,275,N,S.F.
  Curt Wilkerson,236,56,0,27,15,11,4,1115,270,1,116,64,57,A,W,Tex.,2S,125,199,13,230,A,Tex.
  Dave Anderson,216,53,1,31,15,22,4,926,210,9,118,69,114,N,W,L.A.,3S,73,152,11,225,N,L.A.
  Doug Baker,24,3,0,1,0,2,3,159,28,0,20,12,9,A,W,Oak.,OF,80,4,0,NA,A,Oak.
  Don Baylor,585,139,31,93,94,62,17,7546,1982,315,1141,1179,727,A,E,Bos.,DH,0,0,0,950,A,Bos.
  Dann Bilardello,191,37,4,12,17,14,4,773,163,16,61,74,52,N,E,Mon.,C,391,38,8,NA,N,Mon.
  Daryl Boston,199,53,5,29,22,21,3,514,120,8,57,40,39,A,W,Chi.,CF,152,3,5,75,A,Chi.
  Darnell Coles,521,142,20,67,86,45,4,815,205,22,99,103,78,A,E,Det.,3B,107,242,23,105,A,Det.
  Dave Collins,419,113,1,44,27,44,12,4484,1231,32,612,344,422,A,E,Det.,LF,211,2,1,NA,A,Det.
  Dave Concepcion,311,81,3,42,30,26,17,8247,2198,100,950,909,690,N,W,Cin.,UT,153,223,10,320,N,Pit.
  Darren Daulton,138,31,8,18,21,38,3,244,53,12,33,32,55,N,E,Phi.,C,244,21,4,NA,N,Phi.
  Doug DeCinces,512,131,26,69,96,52,14,5347,1397,221,712,815,548,A,W,Cal.,3B,119,216,12,850,A,Cal.
  Darrell Evans,507,122,29,78,85,91,18,7761,1947,347,1175,1152,1380,A,E,Det.,1B,808,108,2,535,A,Det.
  Dwight Evans,529,137,26,86,97,97,15,6661,1785,291,1082,949,989,A,E,Bos.,RF,280,10,5,933.33299999999997,A,Bos.
  Damaso Garcia,424,119,6,57,46,13,9,3651,1046,32,461,301,112,A,E,Tor.,2B,224,286,8,850,N,Cin.
  Dan Gladden,351,97,4,55,29,39,4,1258,353,16,196,110,117,N,W,S.F.,CF,226,7,3,210,A,Min.
  Danny Heep,195,55,5,24,33,30,8,1313,338,25,144,149,153,N,E,N.Y.,OF,83,2,1,NA,N,N.Y.
  Dave Henderson,388,103,15,59,47,39,6,2174,555,80,285,274,186,A,W,Sea.,OF,182,9,4,325,A,Bos.
  Donnie Hill,339,96,4,37,29,23,4,1064,290,11,123,108,55,A,W,Oak.,23,104,213,9,275,A,Chi.
  Dave Kingman,561,118,35,70,94,33,16,6677,1575,442,901,1210,608,A,W,Oak.,DH,463,32,8,NA,A,Oak.
  Davey Lopes,255,70,7,49,35,43,15,6311,1661,154,1019,608,820,N,E,Chi.,3O,51,54,8,450,N,Hou.
  Don Mattingly,677,238,31,117,113,53,5,2223,737,93,349,401,171,A,E,N.Y.,1B,1377,100,6,1975,A,N.Y.
  Darryl Motley,227,46,7,23,20,12,5,1325,324,44,156,158,67,A,W,K.C.,RF,92,2,2,NA,A,K.C.
  Dale Murphy,614,163,29,89,83,75,11,5017,1388,266,813,822,617,N,W,Atl.,CF,303,6,6,1900,N,Atl.
  Dwayne Murphy,329,83,9,50,39,56,9,3828,948,145,575,528,635,A,W,Oak.,CF,276,6,2,600,A,Oak.
  Dave Parker,637,174,31,89,116,56,14,6727,2024,247,978,1093,495,N,W,Cin.,RF,278,9,9,1041.6669999999999,N,Cin.
  Dan Pasqua,280,82,16,44,45,47,2,428,113,25,61,70,63,A,E,N.Y.,LF,148,4,2,110,A,N.Y.
  Darrell Porter,155,41,12,21,29,22,16,5409,1338,181,746,805,875,A,W,Tex.,CD,165,9,1,260,A,Tex.
  Dick Schofield,458,114,13,67,57,48,4,1350,298,28,160,123,122,A,W,Cal.,SS,246,389,18,475,A,Cal.
  Don Slaught,314,83,13,39,46,16,5,1457,405,28,156,159,76,A,W,Tex.,C,533,40,4,431.5,A,Tex.
  Darryl Strawberry,475,123,27,76,93,72,4,1810,471,108,292,343,267,N,E,N.Y.,RF,226,10,6,1220,N,N.Y.
  Dale Sveum,317,78,7,35,35,32,1,317,78,7,35,35,32,A,E,Mil.,3B,45,122,26,70,A,Mil.
  Danny Tartabull,511,138,25,76,96,61,3,592,164,28,87,110,71,A,W,Sea.,RF,157,7,8,145,A,K.C.
  Dickie Thon,278,69,3,24,21,29,8,2079,565,32,258,192,162,N,W,Hou.,SS,142,210,10,NA,N,Hou.
  Denny Walling,382,119,13,54,58,36,12,2133,594,41,287,294,227,N,W,Hou.,3B,59,156,9,595,N,Hou.
  Dave Winfield,565,148,24,90,104,77,14,7287,2083,305,1135,1234,791,A,E,N.Y.,RF,292,9,5,1861.46,A,N.Y.
  Enos Cabell,277,71,2,27,29,14,15,5952,1647,60,753,596,259,N,W,L.A.,1B,360,32,5,NA,N,L.A.
  Eric Davis,415,115,27,97,71,68,3,711,184,45,156,119,99,N,W,Cin.,LF,274,2,7,300,N,Cin.
  Eddie Milner,424,110,15,70,47,36,7,2130,544,38,335,174,258,N,W,Cin.,CF,292,6,3,490,N,S.F.
  Eddie Murray,495,151,17,61,84,78,10,5624,1679,275,884,1015,709,A,E,Bal.,1B,1045,88,13,2460,A,Bal.
  Ernest Riles,524,132,9,69,47,54,2,972,260,14,123,92,90,A,E,Mil.,SS,212,327,20,NA,A,Mil.
  Ed Romero,233,49,2,41,23,18,8,1350,336,7,166,122,106,A,E,Bos.,SS,102,132,10,375,A,Bos.
  Ernie Whitt,395,106,16,48,56,35,10,2303,571,86,266,323,248,A,E,Tor.,C,709,41,7,NA,A,Tor.
  Fred Lynn,397,114,23,67,67,53,13,5589,1632,241,906,926,716,A,E,Bal.,CF,244,2,4,NA,A,Bal.
  Floyd Rayford,210,37,8,15,19,15,6,994,244,36,107,114,53,A,E,Bal.,3B,40,115,15,NA,A,Bal.
  Franklin Stubbs,420,95,23,55,58,37,3,646,139,31,77,77,61,N,W,L.A.,LF,206,10,7,NA,N,L.A.
  Frank White,566,154,22,76,84,43,14,6100,1583,131,743,693,300,A,W,K.C.,2B,316,439,10,750,A,K.C.
  George Bell,641,198,31,101,108,41,5,2129,610,92,297,319,117,A,E,Tor.,LF,269,17,10,1175,A,Tor.
  Glenn Braggs,215,51,4,19,18,11,1,215,51,4,19,18,11,A,E,Mil.,LF,116,5,12,70,A,Mil.
  George Brett,441,128,16,70,73,80,14,6675,2095,209,1072,1050,695,A,W,K.C.,3B,97,218,16,1500,A,K.C.
  Greg Brock,325,76,16,33,52,37,5,1506,351,71,195,219,214,N,W,L.A.,1B,726,87,3,385,A,Mil.
  Gary Carter,490,125,24,81,105,62,13,6063,1646,271,847,999,680,N,E,N.Y.,C,869,62,8,1925.5709999999999,N,N.Y.
  Glenn Davis,574,152,31,91,101,64,3,985,260,53,148,173,95,N,W,Hou.,1B,1253,111,11,215,N,Hou.
  George Foster,284,64,14,30,42,24,18,7023,1925,348,986,1239,666,N,E,N.Y.,LF,96,4,4,NA,N,N.Y.
  Gary Gaetti,596,171,34,91,108,52,6,2862,728,107,361,401,224,A,W,Min.,3B,118,334,21,900,A,Min.
  Greg Gagne,472,118,12,63,54,30,4,793,187,14,102,80,50,A,W,Min.,SS,228,377,26,155,A,Min.
  George Hendrick,283,77,14,45,47,26,16,6840,1910,259,915,1067,546,A,W,Cal.,OF,144,6,5,700,A,Cal.
  Glenn Hubbard,408,94,4,42,36,66,9,3573,866,59,429,365,410,N,W,Atl.,2B,282,487,19,535,N,Atl.
  Garth Iorg,327,85,3,30,44,20,8,2140,568,16,216,208,93,A,E,Tor.,32,91,185,12,362.5,A,Tor.
  Gary Matthews,370,96,21,49,46,60,15,6986,1972,231,1070,955,921,N,E,Chi.,LF,137,5,9,733.33299999999997,N,Chi.
  Graig Nettles,354,77,16,36,55,41,20,8716,2172,384,1172,1267,1057,N,W,S.D.,3B,83,174,16,200,N,Atl.
  Gary Pettis,539,139,5,93,58,69,5,1469,369,12,247,126,198,A,W,Cal.,CF,462,9,7,400,A,Cal.
  Gary Redus,340,84,11,62,33,47,5,1516,376,42,284,141,219,N,E,Phi.,LF,185,8,4,400,A,Chi.
  Garry Templeton,510,126,2,42,44,35,11,5562,1578,44,703,519,256,N,W,S.D.,SS,207,358,20,737.5,N,S.D.
  Gorman Thomas,315,59,16,45,36,58,13,4677,1051,268,681,782,697,A,W,Sea.,DH,0,0,0,NA,A,Sea.
  Greg Walker,282,78,13,37,51,29,5,1649,453,73,211,280,138,A,W,Chi.,1B,670,57,5,500,A,Chi.
  Gary Ward,380,120,5,54,51,31,8,3118,900,92,444,419,240,A,W,Tex.,LF,237,8,1,600,A,N.Y.
  Glenn Wilson,584,158,15,70,84,42,5,2358,636,58,265,316,134,N,E,Phi.,RF,331,20,4,662.5,N,Phi.
  Harold Baines,570,169,21,72,88,38,7,3754,1077,140,492,589,263,A,W,Chi.,RF,295,15,5,950,A,Chi.
  Hubie Brooks,306,104,14,50,58,25,7,2954,822,55,313,377,187,N,E,Mon.,SS,116,222,15,750,N,Mon.
  Howard Johnson,220,54,10,30,39,31,5,1185,299,40,145,154,128,N,E,N.Y.,3S,50,136,20,297.5,N,N.Y.
  Hal McRae,278,70,7,22,37,18,18,7186,2081,190,935,1088,643,A,W,K.C.,DH,0,0,0,325,A,K.C.
  Harold Reynolds,445,99,1,46,24,29,4,618,129,1,72,31,48,A,W,Sea.,2B,278,415,16,87.5,A,Sea.
  Harry Spilman,143,39,5,18,30,15,9,639,151,16,80,97,61,N,W,S.F.,1B,138,15,1,175,N,S.F.
  Herm Winningham,185,40,4,23,11,18,3,524,125,7,58,37,47,N,E,Mon.,OF,97,2,2,90,N,Mon.
  Jesse Barfield,589,170,40,107,108,69,6,2325,634,128,371,376,238,A,E,Tor.,RF,368,20,3,1237.5,A,Tor.
  Juan Beniquez,343,103,6,48,36,40,15,4338,1193,70,581,421,325,A,E,Bal.,UT,211,56,13,430,A,K.C.
  Juan Bonilla,284,69,1,33,18,25,5,1407,361,6,139,98,111,A,E,Bal.,2B,122,140,5,NA,N,Pit.
  John Cangelosi,438,103,2,65,32,71,2,440,103,2,67,32,71,A,W,Chi.,LF,276,7,9,100,N,Pit.
  Jose Canseco,600,144,33,85,117,65,2,696,173,38,101,130,69,A,W,Oak.,LF,319,4,14,165,A,Oak.
  Joe Carter,663,200,29,108,121,32,4,1447,404,57,210,222,68,A,E,Cle.,RF,241,8,6,250,A,Cle.
  Jack Clark,232,55,9,34,23,45,12,4405,1213,194,702,705,625,N,E,St.L.,1B,623,35,3,1300,N,St.L.
  Jose Cruz,479,133,10,48,72,55,17,7472,2147,153,980,1032,854,N,W,Hou.,LF,237,5,4,773.33299999999997,N,Hou.
  Julio Cruz,209,45,0,38,19,42,10,3859,916,23,557,279,478,A,W,Chi.,2B,132,205,5,NA,A,Chi.
  Jody Davis,528,132,21,61,74,41,6,2641,671,97,273,383,226,N,E,Chi.,C,885,105,8,1008.333,N,Chi.
  Jim Dwyer,160,39,8,18,31,22,14,2128,543,56,304,268,298,A,E,Bal.,DO,33,3,0,275,A,Bal.
  Julio Franco,599,183,10,80,74,32,5,2482,715,27,330,326,158,A,E,Cle.,SS,231,374,18,775,A,Cle.
  Jim Gantner,497,136,7,58,38,26,11,3871,1066,40,450,367,241,A,E,Mil.,2B,304,347,10,850,A,Mil.
  Johnny Grubb,210,70,13,32,51,28,15,4040,1130,97,544,462,551,A,E,Det.,DH,0,0,0,365,A,Det.
  Jerry Hairston,225,61,5,32,26,26,11,1568,408,25,202,185,257,A,W,Chi.,UT,132,9,0,NA,A,Chi.
  Jack Howell,151,41,4,26,21,19,2,288,68,9,45,39,35,A,W,Cal.,3B,28,56,2,95,A,Cal.
  John Kruk,278,86,4,33,38,45,1,278,86,4,33,38,45,N,W,S.D.,LF,102,4,2,110,N,S.D.
  Jeffrey Leonard,341,95,6,48,42,20,10,2964,808,81,379,428,221,N,W,S.F.,LF,158,4,5,100,N,S.F.
  Jim Morrison,537,147,23,58,88,47,10,2744,730,97,302,351,174,N,E,Pit.,3B,92,257,20,277.5,N,Pit.
  John Moses,399,102,3,56,34,34,5,670,167,4,89,48,54,A,W,Sea.,CF,211,9,3,80,A,Sea.
  Jerry Mumphrey,309,94,5,37,32,26,13,4618,1330,57,616,522,436,N,E,Chi.,OF,161,3,3,600,N,Chi.
  Joe Orsulak,401,100,2,60,19,28,4,876,238,2,126,44,55,N,E,Pit.,RF,193,11,4,NA,N,Pit.
  Jorge Orta,336,93,9,35,46,23,15,5779,1610,128,730,741,497,A,W,K.C.,DH,0,0,0,NA,A,K.C.
  Jim Presley,616,163,27,83,107,32,3,1437,377,65,181,227,82,A,W,Sea.,3B,110,308,15,200,A,Sea.
  Jamie Quirk,219,47,8,24,26,17,12,1188,286,23,100,125,63,A,W,K.C.,CS,260,58,4,NA,A,K.C.
  Johnny Ray,579,174,7,67,78,58,6,3053,880,32,366,337,218,N,E,Pit.,2B,280,479,5,657,N,Pit.
  Jeff Reed,165,39,2,13,9,16,3,196,44,2,18,10,18,A,W,Min.,C,332,19,2,75,N,Mon.
  Jim Rice,618,200,20,98,110,62,13,7127,2163,351,1104,1289,564,A,E,Bos.,LF,330,16,8,2412.5,A,Bos.
  Jerry Royster,257,66,5,31,26,32,14,3910,979,33,518,324,382,N,W,S.D.,UT,87,166,14,250,A,Chi.
  John Russell,315,76,13,35,60,25,3,630,151,24,68,94,55,N,E,Phi.,C,498,39,13,155,N,Phi.
  Juan Samuel,591,157,16,90,78,26,4,2020,541,52,310,226,91,N,E,Phi.,2B,290,440,25,640,N,Phi.
  John Shelby,404,92,11,54,49,18,6,1354,325,30,188,135,63,A,E,Bal.,OF,222,5,5,300,A,Bal.
  Joel Skinner,315,73,5,23,37,16,4,450,108,6,38,46,28,A,W,Chi.,C,227,15,3,110,A,N.Y.
  Jeff Stone,249,69,6,32,19,20,4,702,209,10,97,48,44,N,E,Phi.,OF,103,8,2,NA,N,Phi.
  Jim Sundberg,429,91,12,41,42,57,13,5590,1397,83,578,579,644,A,W,K.C.,C,686,46,4,825,N,Chi.
  Jim Traber,212,54,13,28,44,18,2,233,59,13,31,46,20,A,E,Bal.,UT,243,23,5,NA,A,Bal.
  Jose Uribe,453,101,3,46,43,61,3,948,218,6,96,72,91,N,W,S.F.,SS,249,444,16,195,N,S.F.
  Jerry Willard,161,43,4,17,26,22,3,707,179,21,77,99,76,A,W,Oak.,C,300,12,2,NA,A,Oak.
  Joel Youngblood,184,47,5,20,28,18,11,3327,890,74,419,382,304,N,W,S.F.,OF,49,2,0,450,N,S.F.
  Kevin Bass,591,184,20,83,79,38,5,1689,462,40,219,195,82,N,W,Hou.,RF,303,12,5,630,N,Hou.
  Kal Daniels,181,58,6,34,23,22,1,181,58,6,34,23,22,N,W,Cin.,OF,88,0,3,86.5,N,Cin.
  Kirk Gibson,441,118,28,84,86,68,8,2723,750,126,433,420,309,A,E,Det.,RF,190,2,2,1300,A,Det.
  Ken Griffey,490,150,21,69,58,35,14,6126,1839,121,983,707,600,A,E,N.Y.,OF,96,5,3,1000,N,Atl.
  Keith Hernandez,551,171,13,94,83,94,13,6090,1840,128,969,900,917,N,E,N.Y.,1B,1199,149,5,1800,N,N.Y.
  Kent Hrbek,550,147,29,85,91,71,6,2816,815,117,405,474,319,A,W,Min.,1B,1218,104,10,1310,A,Min.
  Ken Landreaux,283,74,4,34,29,22,10,3919,1062,85,505,456,283,N,W,L.A.,OF,145,5,7,737.5,N,L.A.
  Kevin McReynolds,560,161,26,89,96,66,4,1789,470,65,233,260,155,N,W,S.D.,CF,332,9,8,625,N,N.Y.
  Kevin Mitchell,328,91,12,51,43,33,2,342,94,12,51,44,33,N,E,N.Y.,OS,145,59,8,125,N,S.D.
  Keith Moreland,586,159,12,72,79,53,9,3082,880,83,363,477,295,N,E,Chi.,RF,181,13,4,1043.3330000000001,N,Chi.
  Ken Oberkfell,503,136,5,62,48,83,10,3423,970,20,408,303,414,N,W,Atl.,3B,65,258,8,725,N,Atl.
  Ken Phelps,344,85,24,69,64,88,7,911,214,64,150,156,187,A,W,Sea.,DH,0,0,0,300,A,Sea.
  Kirby Puckett,680,223,31,119,96,34,3,1928,587,35,262,201,91,A,W,Min.,CF,429,8,6,365,A,Min.
  Kurt Stillwell,279,64,0,31,26,30,1,279,64,0,31,26,30,N,W,Cin.,SS,107,205,16,75,N,Cin.
  Leon Durham,484,127,20,66,65,67,7,3006,844,116,436,458,377,N,E,Chi.,1B,1231,80,7,1183.3330000000001,N,Chi.
  Len Dykstra,431,127,8,77,45,58,2,667,187,9,117,64,88,N,E,N.Y.,CF,283,8,3,202.5,N,N.Y.
  Larry Herndon,283,70,8,33,37,27,12,4479,1222,94,557,483,307,A,E,Det.,OF,156,2,2,225,A,Det.
  Lee Lacy,491,141,11,77,47,37,15,4291,1240,84,615,430,340,A,E,Bal.,RF,239,8,2,525,A,Bal.
  Len Matuszek,199,52,9,26,28,21,6,805,191,30,113,119,87,N,W,L.A.,O1,235,22,5,265,N,L.A.
  Lloyd Moseby,589,149,21,89,86,64,7,3558,928,102,513,471,351,A,E,Tor.,CF,371,6,6,787.5,A,Tor.
  Lance Parrish,327,84,22,53,62,38,10,4273,1123,212,577,700,334,A,E,Det.,C,483,48,6,800,N,Phi.
  Larry Parrish,464,128,28,67,94,52,13,5829,1552,210,740,840,452,A,W,Tex.,DH,0,0,0,587.5,A,Tex.
  Luis Rivera,166,34,0,20,13,17,1,166,34,0,20,13,17,N,E,Mon.,SS,64,119,9,NA,N,Mon.
  Larry Sheets,338,92,18,42,60,21,3,682,185,36,88,112,50,A,E,Bal.,DH,0,0,0,145,A,Bal.
  Lonnie Smith,508,146,8,80,44,46,9,3148,915,41,571,289,326,A,W,K.C.,LF,245,5,9,NA,A,K.C.
  Lou Whitaker,584,157,20,95,73,63,10,4704,1320,93,724,522,576,A,E,Det.,2B,276,421,11,420,A,Det.
  Mike Aldrete,216,54,2,27,25,33,1,216,54,2,27,25,33,N,W,S.F.,1O,317,36,1,75,N,S.F.
  Marty Barrett,625,179,4,94,60,65,5,1696,476,12,216,163,166,A,E,Bos.,2B,303,450,14,575,A,Bos.
  Mike Brown,243,53,4,18,26,27,4,853,228,23,101,110,76,N,E,Pit.,OF,107,3,3,NA,N,Pit.
  Mike Davis,489,131,19,77,55,34,7,2051,549,62,300,263,153,A,W,Oak.,RF,310,9,9,780,A,Oak.
  Mike Diaz,209,56,12,22,36,19,2,216,58,12,24,37,19,N,E,Pit.,O1,201,6,3,90,N,Pit.
  Mariano Duncan,407,93,8,47,30,30,2,969,230,14,121,69,68,N,W,L.A.,SS,172,317,25,150,N,L.A.
  Mike Easler,490,148,14,64,78,49,13,3400,1000,113,445,491,301,A,E,N.Y.,DH,0,0,0,700,N,Phi.
  Mike Fitzgerald,209,59,6,20,37,27,4,884,209,14,66,106,92,N,E,Mon.,C,415,35,3,NA,N,Mon.
  Mel Hall,442,131,18,68,77,33,6,1416,398,47,210,203,136,A,E,Cle.,LF,233,7,7,550,A,Cle.
  Mickey Hatcher,317,88,3,40,32,19,8,2543,715,28,269,270,118,A,W,Min.,UT,220,16,4,NA,A,Min.
  Mike Heath,288,65,8,30,36,27,9,2815,698,55,315,325,189,N,E,St.L.,C,259,30,10,650,A,Det.
  Mike Kingery,209,54,3,25,14,12,1,209,54,3,25,14,12,A,W,K.C.,OF,102,6,3,68,A,Sea.
  Mike LaValliere,303,71,3,18,30,36,3,344,76,3,20,36,45,N,E,St.L.,C,468,47,6,100,N,Pit.
  Mike Marshall,330,77,19,47,53,27,6,1928,516,90,247,288,161,N,W,L.A.,RF,149,8,6,670,N,L.A.
  Mike Pagliarulo,504,120,28,71,71,54,3,1085,259,54,150,167,114,A,E,N.Y.,3B,103,283,19,175,A,N.Y.
  Mark Salas,258,60,8,28,33,18,3,638,170,17,80,75,36,A,W,Min.,C,358,32,8,137,A,Min.
  Mike Schmidt,20,1,0,0,0,0,2,41,9,2,6,7,4,N,E,Phi.,3B,78,220,6,2127.3330000000001,N,Phi.
  Mike Scioscia,374,94,5,36,26,62,7,1968,519,26,181,199,288,N,W,L.A.,C,756,64,15,875,N,L.A.
  Mickey Tettleton,211,43,10,26,35,39,3,498,116,14,59,55,78,A,W,Oak.,C,463,32,8,120,A,Oak.
  Milt Thompson,299,75,6,38,23,26,3,580,160,8,71,33,44,N,E,Phi.,CF,212,1,2,140,N,Phi.
  Mitch Webster,576,167,8,89,49,57,4,822,232,19,132,83,79,N,E,Mon.,CF,325,12,8,210,N,Mon.
  Mookie Wilson,381,110,9,61,45,32,7,3015,834,40,451,249,168,N,E,N.Y.,OF,228,7,5,800,N,N.Y.
  Marvell Wynne,288,76,7,34,37,15,4,1644,408,16,198,120,113,N,W,S.D.,OF,203,3,3,240,N,S.D.
  Mike Young,369,93,9,43,42,49,5,1258,323,54,181,177,157,A,E,Bal.,LF,149,1,6,350,A,Bal.
  Nick Esasky,330,76,12,35,41,47,4,1367,326,55,167,198,167,N,W,Cin.,1B,512,30,5,NA,N,Cin.
  Ozzie Guillen,547,137,2,58,47,12,2,1038,271,3,129,80,24,A,W,Chi.,SS,261,459,22,175,A,Chi.
  Oddibe McDowell,572,152,18,105,49,65,2,978,249,36,168,91,101,A,W,Tex.,CF,325,13,3,200,A,Tex.
  Omar Moreno,359,84,4,46,27,21,12,4992,1257,37,699,386,387,N,W,Atl.,RF,151,8,5,NA,N,Atl.
  Ozzie Smith,514,144,0,67,54,79,9,4739,1169,13,583,374,528,N,E,St.L.,SS,229,453,15,1940,N,St.L.
  Ozzie Virgil,359,80,15,45,48,63,7,1493,359,61,176,202,175,N,W,Atl.,C,682,93,13,700,N,Atl.
  Phil Bradley,526,163,12,88,50,77,4,1556,470,38,245,167,174,A,W,Sea.,LF,250,11,1,750,A,Sea.
  Phil Garner,313,83,9,43,41,30,14,5885,1543,104,751,714,535,N,W,Hou.,3B,58,141,23,450,N,Hou.
  Pete Incaviglia,540,135,30,82,88,55,1,540,135,30,82,88,55,A,W,Tex.,RF,157,6,14,172,A,Tex.
  Paul Molitor,437,123,9,62,55,40,9,4139,1203,79,676,390,364,A,E,Mil.,3B,82,170,15,1260,A,Mil.
 Pete O'Brien,551,160,23,86,90,87,5,2235,602,75,278,328,273,A,W,Tex.,1B,1224,115,11,NA,A,Tex.
  Pete Rose,237,52,0,15,25,30,24,14053,4256,160,2165,1314,1566,N,W,Cin.,1B,523,43,6,750,N,Cin.
  Pat Sheridan,236,56,6,41,19,21,5,1257,329,24,166,125,105,A,E,Det.,OF,172,1,4,190,A,Det.
  Pat Tabler,473,154,6,61,48,29,6,1966,566,29,250,252,178,A,E,Cle.,1B,846,84,9,580,A,Cle.
  Rafael Belliard,309,72,0,33,31,26,5,354,82,0,41,32,26,N,E,Pit.,SS,117,269,12,130,N,Pit.
  Rick Burleson,271,77,5,35,29,33,12,4933,1358,48,630,435,403,A,W,Cal.,UT,62,90,3,450,A,Bal.
  Randy Bush,357,96,7,50,45,39,5,1394,344,43,178,192,136,A,W,Min.,LF,167,2,4,300,A,Min.
  Rick Cerone,216,56,4,22,18,15,12,2796,665,43,266,304,198,A,E,Mil.,C,391,44,4,250,A,N.Y.
  Ron Cey,256,70,13,42,36,44,16,7058,1845,312,965,1128,990,N,E,Chi.,3B,41,118,8,1050,A,Oak.
  Rob Deer,466,108,33,75,86,72,3,652,142,44,102,109,102,A,E,Mil.,RF,286,8,8,215,A,Mil.
  Rick Dempsey,327,68,13,42,29,45,18,3949,939,78,438,380,466,A,E,Bal.,C,659,53,7,400,A,Cle.
  Rich Gedman,462,119,16,49,65,37,7,2131,583,69,244,288,150,A,E,Bos.,C,866,65,6,NA,A,Bos.
  Ron Hassey,341,110,9,45,49,46,9,2331,658,50,249,322,274,A,E,N.Y.,C,251,9,4,560,A,Chi.
  Rickey Henderson,608,160,28,130,74,89,8,4071,1182,103,862,417,708,A,E,N.Y.,CF,426,4,6,1670,A,N.Y.
  Reggie Jackson,419,101,18,65,58,92,20,9528,2510,548,1509,1659,1342,A,W,Cal.,DH,0,0,0,487.5,A,Oak.
  Ricky Jones,33,6,0,2,4,7,1,33,6,0,2,4,7,A,W,Cal.,RF,205,5,4,NA,A,Cal.
  Ron Kittle,376,82,21,42,60,35,5,1770,408,115,238,299,157,A,W,Chi.,DH,0,0,0,425,A,N.Y.
  Ray Knight,486,145,11,51,76,40,11,3967,1102,67,410,497,284,N,E,N.Y.,3B,88,204,16,500,A,Bal.
  Randy Kutcher,186,44,7,28,16,11,1,186,44,7,28,16,11,N,W,S.F.,OF,99,3,1,NA,N,S.F.
  Rudy Law,307,80,1,42,36,29,7,2421,656,18,379,198,184,A,W,K.C.,OF,145,2,2,NA,A,K.C.
  Rick Leach,246,76,5,35,39,13,6,912,234,12,102,96,80,A,E,Tor.,DO,44,0,1,250,A,Tor.
  Rick Manning,205,52,8,31,27,17,12,5134,1323,56,643,445,459,A,E,Mil.,OF,155,3,2,400,A,Mil.
  Rance Mulliniks,348,90,11,50,45,43,10,2288,614,43,295,273,269,A,E,Tor.,3B,60,176,6,450,A,Tor.
  Ron Oester,523,135,8,52,44,52,9,3368,895,39,377,284,296,N,W,Cin.,2B,367,475,19,750,N,Cin.
  Rey Quinones,312,68,2,32,22,24,1,312,68,2,32,22,24,A,E,Bos.,SS,86,150,15,70,A,Sea.
  Rafael Ramirez,496,119,8,57,33,21,7,3358,882,36,365,280,165,N,W,Atl.,S3,155,371,29,875,N,Atl.
  Ronn Reynolds,126,27,3,8,10,5,4,239,49,3,16,13,14,N,E,Pit.,LF,190,2,9,190,N,Pit.
  Ron Roenicke,275,68,5,42,42,61,6,961,238,16,128,104,172,N,E,Phi.,OF,181,3,2,191,N,Phi.
  Ryne Sandberg,627,178,14,68,76,46,6,3146,902,74,494,345,242,N,E,Chi.,2B,309,492,5,740,N,Chi.
  Rafael Santana,394,86,1,38,28,36,4,1089,267,3,94,71,76,N,E,N.Y.,SS,203,369,16,250,N,N.Y.
  Rick Schu,208,57,8,32,25,18,3,653,170,17,98,54,62,N,E,Phi.,3B,42,94,13,140,N,Phi.
  Ruben Sierra,382,101,16,50,55,22,1,382,101,16,50,55,22,A,W,Tex.,OF,200,7,6,97.5,A,Tex.
  Roy Smalley,459,113,20,59,57,68,12,5348,1369,155,713,660,735,A,W,Min.,DH,0,0,0,740,A,Min.
  Robby Thompson,549,149,7,73,47,42,1,549,149,7,73,47,42,N,W,S.F.,2B,255,450,17,140,N,S.F.
  Rob Wilfong,288,63,3,25,33,16,10,2682,667,38,315,259,204,A,W,Cal.,2B,135,257,7,341.66699999999997,A,Cal.
  Reggie Williams,303,84,4,35,32,23,2,312,87,4,39,32,23,N,W,L.A.,CF,179,5,3,NA,N,L.A.
  Robin Yount,522,163,9,82,46,62,13,7037,2019,153,1043,827,535,A,E,Mil.,CF,352,9,1,1000,A,Mil.
  Steve Balboni,512,117,29,54,88,43,6,1750,412,100,204,276,155,A,W,K.C.,1B,1236,98,18,100,A,K.C.
  Scott Bradley,220,66,5,20,28,13,3,290,80,5,27,31,15,A,W,Sea.,C,281,21,3,90,A,Sea.
  Sid Bream,522,140,16,73,77,60,4,730,185,22,93,106,86,N,E,Pit.,1B,1320,166,17,200,N,Pit.
  Steve Buechele,461,112,18,54,54,35,2,680,160,24,76,75,49,A,W,Tex.,3B,111,226,11,135,A,Tex.
  Shawon Dunston,581,145,17,66,68,21,2,831,210,21,106,86,40,N,E,Chi.,SS,320,465,32,155,N,Chi.
  Scott Fletcher,530,159,3,82,50,47,6,1619,426,11,218,149,163,A,W,Tex.,SS,196,354,15,475,A,Tex.
  Steve Garvey,557,142,21,58,81,23,18,8759,2583,271,1138,1299,478,N,W,S.D.,1B,1160,53,7,1450,N,S.D.
  Steve Jeltz,439,96,0,44,36,65,4,711,148,1,68,56,99,N,E,Phi.,SS,229,406,22,150,N,Phi.
  Steve Lombardozzi,453,103,8,53,33,52,2,507,123,8,63,39,58,A,W,Min.,2B,289,407,6,105,A,Min.
  Spike Owen,528,122,1,67,45,51,4,1716,403,12,211,146,155,A,W,Sea.,SS,209,372,17,350,A,Bos.
  Steve Sax,633,210,6,91,56,59,6,3070,872,19,420,230,274,N,W,L.A.,2B,367,432,16,90,N,L.A.
  Tony Armas,16,2,0,1,0,0,2,28,4,0,1,0,0,A,E,Bos.,CF,247,4,8,NA,A,Bos.
  Tony Bernazard,562,169,17,88,73,53,8,3181,841,61,450,342,373,A,E,Cle.,2B,351,442,17,530,A,Cle.
  Tom Brookens,281,76,3,42,25,20,8,2658,657,48,324,300,179,A,E,Det.,UT,106,144,7,341.66699999999997,A,Det.
  Tom Brunansky,593,152,23,69,75,53,6,2765,686,133,369,384,321,A,W,Min.,RF,315,10,6,940,A,Min.
  Tony Fernandez,687,213,10,91,65,27,4,1518,448,15,196,137,89,A,E,Tor.,SS,294,445,13,350,A,Tor.
  Tim Flannery,368,103,3,48,28,54,8,1897,493,9,207,162,198,N,W,S.D.,2B,209,246,3,326.66699999999997,N,S.D.
  Tom Foley,263,70,1,26,23,30,4,888,220,9,83,82,86,N,E,Mon.,UT,81,147,4,250,N,Mon.
  Tony Gwynn,642,211,14,107,59,52,5,2364,770,27,352,230,193,N,W,S.D.,RF,337,19,4,740,N,S.D.
  Terry Harper,265,68,8,26,30,29,7,1337,339,32,135,163,128,N,W,Atl.,OF,92,5,3,425,A,Det.
  Toby Harrah,289,63,7,36,41,44,17,7402,1954,195,1115,919,1153,A,W,Tex.,2B,166,211,7,NA,A,Tex.
  Tommy Herr,559,141,2,48,61,73,8,3162,874,16,421,349,359,N,E,St.L.,2B,352,414,9,925,N,St.L.
  Tim Hulett,520,120,17,53,44,21,4,927,227,22,106,80,52,A,W,Chi.,3B,70,144,11,185,A,Chi.
  Terry Kennedy,19,4,1,2,3,1,1,19,4,1,2,3,1,N,W,S.D.,C,692,70,8,920,A,Bal.
  Tito Landrum,205,43,2,24,17,20,7,854,219,12,105,99,71,N,E,St.L.,OF,131,6,1,286.66699999999997,N,St.L.
  Tim Laudner,193,47,10,21,29,24,6,1136,256,42,129,139,106,A,W,Min.,C,299,13,5,245,A,Min.
 Tom O'Malley,181,46,1,19,18,17,5,937,238,9,88,95,104,A,E,Bal.,3B,37,98,9,NA,A,Bal.
  Tom Paciorek,213,61,4,17,22,3,17,4061,1145,83,488,491,244,A,W,Tex.,UT,178,45,4,235,A,Tex.
  Tony Pena,510,147,10,56,52,53,7,2872,821,63,307,340,174,N,E,Pit.,C,810,99,18,1150,N,St.L.
  Terry Pendleton,578,138,1,56,59,34,3,1399,357,7,149,161,87,N,E,St.L.,3B,133,371,20,160,N,St.L.
  Tony Perez,200,51,2,14,29,25,23,9778,2732,379,1272,1652,925,N,W,Cin.,1B,398,29,7,NA,N,Cin.
  Tony Phillips,441,113,5,76,52,76,5,1546,397,17,226,149,191,A,W,Oak.,2B,160,290,11,425,A,Oak.
  Terry Puhl,172,42,3,17,14,15,10,4086,1150,57,579,363,406,N,W,Hou.,OF,65,0,0,900,N,Hou.
  Tim Raines,580,194,9,91,62,78,8,3372,1028,48,604,314,469,N,E,Mon.,LF,270,13,6,NA,N,Mon.
  Ted Simmons,127,32,4,14,25,12,19,8396,2402,242,1048,1348,819,N,W,Atl.,UT,167,18,6,500,N,Atl.
  Tim Teufel,279,69,4,35,31,32,4,1359,355,31,180,148,158,N,E,N.Y.,2B,133,173,9,277.5,N,N.Y.
  Tim Wallach,480,112,18,50,71,44,7,3031,771,110,338,406,239,N,E,Mon.,3B,94,270,16,750,N,Mon.
  Vince Coleman,600,139,0,94,29,60,2,1236,309,1,201,69,110,N,E,St.L.,LF,300,12,9,160,N,St.L.
  Von Hayes,610,186,19,107,98,74,6,2728,753,69,399,366,286,N,E,Phi.,1B,1182,96,13,1300,N,Phi.
  Vance Law,360,81,5,37,44,37,7,2268,566,41,279,257,246,N,E,Mon.,2B,170,284,3,525,N,Mon.
  Wally Backman,387,124,1,67,27,36,7,1775,506,6,272,125,194,N,E,N.Y.,2B,186,290,17,550,N,N.Y.
  Wade Boggs,580,207,8,107,71,105,5,2778,978,32,474,322,417,A,E,Bos.,3B,121,267,19,1600,A,Bos.
  will Clark,408,117,11,66,41,34,1,408,117,11,66,41,34,N,W,S.F.,1B,942,72,11,120,N,S.F.
  Wally Joyner,593,172,22,82,100,57,1,593,172,22,82,100,57,A,W,Cal.,1B,1222,139,15,165,A,Cal.
  Wayne Krenchicki,221,53,2,21,23,22,8,1063,283,15,107,124,106,N,E,Mon.,13,325,58,6,NA,N,Mon.
  Willie McGee,497,127,7,65,48,37,5,2703,806,32,379,311,138,N,E,St.L.,CF,325,9,3,700,N,St.L.
  Willie Randolph,492,136,5,76,50,94,12,5511,1511,39,897,451,875,A,E,N.Y.,2B,313,381,20,875,A,N.Y.
  Wayne Tolleson,475,126,3,61,43,52,6,1700,433,7,217,93,146,A,W,Chi.,3B,37,113,7,385,A,N.Y.
  Willie Upshaw,573,144,9,85,60,78,8,3198,857,97,470,420,332,A,E,Tor.,1B,1314,131,12,960,A,Tor.
  Willie Wilson,631,170,9,77,44,31,11,4908,1457,30,775,357,249,A,W,K.C.,CF,408,4,3,1000,A,K.C.
//GO.SYSIN DD hitter.final,,,,,,,,,,,,,,,,,,,,,,,
echo pitcher.final 1>&2,,,,,,,,,,,,,,,,,,,,,,,
name,team eoy 86,leauge eoy 86,wins in 86,losses in 86,ERA in 86,games in 86,innings in 86,saves in 86,years in majors,wins in career,lossess in career,era in career,games in career,innings in career,saves in career,salary in 87,league in 87,team in 87,,,,,
 -Don Aase,Bal.,A,6,7,2.98,66,81.2,34,9,61,54,3.74,325,956.2,75,625,A,Bal.,,,,,
 -Jim Acker,Atl.,N,5,12,4.01,44,155,0,4,20,20,3.99,175,411,12,350,N,Atl.,,,,,
 -Rick Aguilera,N.Y.,N,10,7,3.88,28,141.19999999999999,0,2,20,14,3.58,49,264,0,195,N,N.Y.,,,,,
 -Doyle Alexander,Atl.,N,11,10,4.1399999999999997,34,228.1,0,16,160,135,3.71,467,2709,3,NA,N,Atl.,,,,,
 -Neil Allen,Chi.,A,7,2,3.82,22,113,0,8,53,58,3.65,367,793.2,75,1200,A,Chi.,,,,,
 -Joaquin Andujar,Oak.,A,12,7,3.82,28,155.1,1,11,122,108,3.49,369,2014,9,1270,A,Oak.,,,,,
 -Paul Assenmacher,Atl.,N,7,3,2.5,61,68.099999999999994,7,1,7,3,2.5,61,68.099999999999994,7,80,N,Atl.,,,,,
 -Keith Atherton,Min.,A,6,10,4.08,60,97,10,4,19,28,3.97,202,374,19,300,A,Min.,,,,,
 -Scott Bailes,Cle.,A,10,10,4.95,62,112.2,7,1,10,10,4.95,62,112.2,7,80,A,Cle.,,,,,
 -Jay Baller,Chi.,N,2,4,5.37,36,53.2,5,3,4,7,4.3499999999999996,60,113.2,6,NA,N,Chi.,,,,,
 -Scott Bankhead,K.C.,A,8,9,4.6100000000000003,24,121,0,1,8,9,4.6100000000000003,24,121,0,75,A,Sea.
 -Floyd Bannister,Chi.,A,10,14,3.54,28,165.1,0,10,101,117,4.03,300,1832.1,0,930,A,Chi.
 -Steve Bedrosian,Phi.,N,8,6,3.39,68,90.1,29,6,42,45,3.27,294,662.1,70,825,N,Phi.
 -Eric Bell,Bal.,A,1,2,5.01,4,23.1,0,2,1,2,4.97,8,29,0,62.5,A,Bal.
 -Mike Bielecki,Pit.,N,6,11,4.66,31,148.19999999999999,0,3,8,14,4.53,47,198.2,0,NA,N,Pit.
 -Bud Black,K.C.,A,5,10,3.2,56,121,9,6,46,50,3.71,172,834.1,9,600,A,K.C.
 -Vida Blue,S.F.,N,10,10,3.27,28,156.19999999999999,0,17,209,161,3.26,502,3344,2,NA,N,S.F.
 -Bert Blyleven,Min.,A,17,14,4.01,36,271.2,0,17,229,197,3.08,541,3987.1,0,1150,A,Min.
 -Mike Boddicker,Bal.,A,14,12,4.7,33,218.1,0,7,63,49,3.6,136,900.2,0,800,A,Bal.
 -Rich Bordi,Bal.,A,6,4,4.46,52,107,3,7,17,18,4,155,330.2,10,NA,A,Bal.
 -Oil can Boyd,Bos.,A,16,10,3.78,30,214.1,0,5,47,44,3.86,112,791.1,0,NA,A,Bos.
 -Tom Browning,Cin.,N,14,13,3.81,39,243.1,0,3,35,22,3.58,80,528,0,287.5,N,Cin.
 -Tim Burke,Mon.,N,9,7,2.93,68,101.1,4,2,18,11,2.64,146,221.2,12,NA,N,Mon.
 -Ernie Camacho,Cle.,A,2,4,4.08,51,57.1,20,6,7,16,3.6,138,200,43,325,A,Cle.
 -Bill Campbell,Det.,A,3,6,3.88,34,55.2,3,14,83,68,3.51,693,1218.2,126,62.5,N,Mon.
 -John Candelaria,Cal.,A,10,2,2.5499999999999998,16,91.2,0,12,141,89,3.12,350,2016.2,15,800,A,Cal.
 -Tom Candiotti,Cle.,A,16,12,3.57,36,252.1,0,3,22,18,3.68,54,340.1,0,160,A,Cle.
 -Steve Carlton,Chi.,A,9,14,5.0999999999999996,32,176.1,0,22,323,229,3.11,705,5055,1,150,A,Cle.
 -Don Carman,Phi.,N,10,5,3.22,50,134.1,1,4,19,10,2.91,133,235,9,245,N,Phi.
 -John Cerutti,Tor.,A,9,4,4.1500000000000004,34,145.1,1,2,9,6,4.2,38,152,1,115,A,Tor.
 -Jim Clancy,Tor.,A,14,14,3.94,34,219.1,0,10,102,116,4.13,279,1768,0,850,A,Tor.
 -Mark Clear,Mil.,A,5,5,2.2000000000000002,59,73.2,16,8,62,44,3.8,394,689.1,77,625,A,Mil.
 -Roger Clemens,Bos.,A,24,4,2.48,33,254,0,3,40,13,3.15,69,485.2,0,500,A,Bos.
 -Tim Conroy,St.L.,N,5,11,5.23,25,115.1,0,6,15,30,4.6100000000000003,125,426,0,NA,N,St.L.
 -Doug Corbett,Cal.,A,4,2,3.66,46,78.2,10,7,24,28,3.12,302,530,65,NA,A,Cal.
 -Ed Correa,Tex.,A,12,14,4.2300000000000004,32,202.1,0,2,13,14,4.3600000000000003,37,212.2,0,115,A,Tex.
 -Joe Cowley,Chi.,A,11,11,3.88,27,162.1,0,4,33,21,3.91,90,457.2,0,218,N,Phi.
 -Danny Cox,St.L.,N,12,13,2.9,32,220,0,4,42,39,3.19,108,700.1,0,600,N,St.L.
 -Ron Darling,N.Y.,N,15,6,2.81,34,237,0,4,44,24,3.12,108,726,0,1050,N,N.Y.
 -Danny Darwin,Hou.,N,11,10,3.17,39,184.2,0,9,72,78,3.55,295,1240.2,17,715,N,Hou.
 -Joel Davis,Chi.,A,4,5,4.7,19,105.1,0,2,7,8,4.4800000000000004,31,176.2,0,62.5,A,Chi.
 -Mark Davis,S.F.,N,5,7,2.99,67,84.1,4,6,22,44,4.3600000000000003,221,534.1,11,415,N,S.F.
 -Ron Davis,Chi.,N,2,8,8.59,53,58.2,2,9,46,52,3.94,447,692.2,130,725,N,Chi.
 -Storm Davis,Bal.,A,9,12,3.62,25,154,0,5,54,40,3.65,154,855,1,605,N,S.D.
 -Jeff Dedmon,Atl.,N,6,6,2.98,57,99.2,3,4,16,12,3.72,176,270.2,7,290,N,Atl.
 -John Denny,Cin.,N,11,10,4.2,27,171.1,0,13,123,108,3.58,325,2149.1999999999998,0,NA,N,Cin.
 -Jim Deshaies,Hou.,N,12,5,3.25,26,144,0,3,12,6,3.56,30,154,0,110,N,Hou.
 -Ken Dixon,Bal.,A,11,13,4.58,35,202.1,0,3,19,18,4.17,71,377.1,1,155,A,Bal.
 -Rich Dotson,Chi.,A,10,17,5.48,34,197,0,8,83,76,4.01,206,1294.2,0,1000,A,Chi.
 -Doug Drabek,N.Y.,A,7,8,4.0999999999999996,27,131.19999999999999,0,1,7,8,4.0999999999999996,27,131.19999999999999,0,85,N,Pit.
 -Dave Dravecky,S.D.,N,9,11,3.07,26,161.1,0,5,50,43,3.06,169,821.1,10,575,N,S.D.
 -Dennis Eckersley,Chi.,N,6,11,4.57,33,201,0,12,151,128,3.67,376,2496,3,783.33299999999997,A,Oak.
 -Mark Eichhorn,Tor.,A,14,6,1.72,69,157,10,2,14,9,2.4500000000000002,76,195,10,165,A,Tor.
 -Steve Farr,K.C.,A,8,4,3.13,56,109.1,8,3,13,16,3.76,103,263,10,150,A,K.C.
 -Sid Fernandez,N.Y.,N,16,6,3.52,32,204.1,1,4,31,22,3.29,75,470.2,1,308,N,N.Y.
 -Mike Flanagan,Bal.,A,0,0,4.5,1,4,0,2,1,1,3.32,4,19,0,625,A,Bal.
 -Ray Fontenot,Min.,A,3,5,5.23,57,72.099999999999994,2,4,25,26,4.03,143,493.2,2,NA,A,Min.
 -Bob Forsch,St.L.,N,14,10,3.25,33,230,0,13,143,116,3.62,392,2371.1,3,750,N,St.L.
 -Terry Forster,Cal.,A,4,1,3.51,41,41,5,16,54,65,3.23,614,1105,127,NA,A,Cal.
 -John Franco,Cin.,N,6,6,2.94,74,101,29,3,24,11,2.58,195,279.10000000000002,45,300,N,Cin.
 -Gene Garber,Atl.,N,5,5,2.54,61,78,24,17,88,99,3.29,843,1393,194,750,N,Atl.
 -Scott Garrelts,S.F.,N,13,9,3.11,53,173.2,10,5,26,20,3.18,154,360,23,290,N,S.F.
 -Dwight Gooden,N.Y.,N,17,6,2.84,33,250,0,3,58,19,2.2799999999999998,99,744.2,0,1500,N,N.Y.
 -Goose Gossage,S.D.,N,5,7,4.45,45,64.2,21,15,101,89,2.87,725,1482,278,1000,N,S.D.
 -Kevin Gross,Phi.,N,12,12,4.0199999999999996,37,241.2,0,4,39,36,3.79,136,672.1,1,420,N,Phi.
 -Cecilio Guante,Pit.,N,5,2,3.35,52,78,4,5,13,17,3.06,201,355.2,20,405,A,N.Y.
 -Mark Gubicza,K.C.,A,12,6,3.64,35,180.2,0,3,36,30,3.92,93,547,0,450,A,K.C.
 -Ron Guidry,N.Y.,A,9,12,3.98,30,192.1,0,12,163,80,3.25,334,2218.1999999999998,4,NA,A,N.Y.
 -Bill Gullickson,Cin.,N,15,12,3.38,37,244.2,0,8,87,73,3.43,213,1430.2,0,900,N,Cin.
 -Jose Guzman,Tex.,A,9,15,4.54,29,172.1,0,2,12,17,4.26,34,205,0,107.5,A,Tex.
 -Greg Harris,Tex.,A,10,8,2.83,73,111.1,20,6,22,25,3.42,216,440,36,620,A,Tex.
 -Andy Hawkins,S.D.,N,10,8,4.3,37,209.1,0,5,43,37,3.8,142,767.1,0,535,N,S.D.
 -Neal Heaton,Min.,A,7,15,4.08,33,198.2,1,5,39,56,4.6399999999999997,154,785.1,8,400,A,Min.
 -Tom Henke,Tor.,A,9,5,3.35,63,91.1,27,5,15,9,3.34,132,191.1,43,291,A,Tor.
 -Willie Hernandez,Det.,A,8,7,3.55,64,88.2,24,10,59,52,3.3,604,897,114,1060,A,Det.
 -Orel Hershiser,L.A.,N,14,14,3.85,35,231.1,0,4,44,25,2.85,124,668.2,3,800,N,L.A.
 -Joe Hesketh,Mon.,N,6,5,5.01,15,82.2,0,3,18,12,3.12,51,283,1,NA,N,Mon.
 -Ted Higuera,Mil.,A,20,11,2.79,34,248.1,0,2,35,19,3.3,66,460.2,0,300,A,Mil.
 -Rick Honeycutt,L.A.,N,11,9,3.32,32,171,0,10,87,105,3.76,275,1562.2,1,805,N,L.A.
 -Ricky Horton,St.L.,N,4,3,2.2400000000000002,42,100.1,3,3,16,9,2.91,128,315.2,5,410,N,St.L.
 -Charlie Hough,Tex.,A,17,10,3.79,33,230.1,0,17,131,115,3.55,609,2167.1999999999998,61,700,A,Tex.
 -Jay Howell,Oak.,A,3,6,3.38,38,53.1,16,7,26,26,3.97,202,390,52,95,A,Oak.
 -Ken Howell,L.A.,N,6,12,3.87,62,97.2,12,3,15,24,3.71,150,235,30,170,N,L.A.
 -LaMarr Hoyt,S.D.,N,8,11,5.15,35,159,0,8,98,68,3.99,244,1311.1,10,NA,N,S.D.
 -Charles Hudson,Phi.,N,7,10,4.9400000000000004,33,144,0,4,32,42,3.98,127,680,0,305,A,N.Y.
 -Mark Huismann,Sea.,A,3,4,3.79,46,97.1,5,4,9,8,3.98,106,221.2,8,125,A,Sea.
 -Bruce Hurst,Bos.,A,13,8,2.99,25,174.1,0,7,55,54,4.3099999999999996,171,1004,0,700,A,Bos.
 -Danny Jackson,K.C.,A,11,12,3.2,32,185.2,1,4,28,31,3.54,83,488.2,1,225,A,K.C.
 -Bob James,Chi.,A,5,4,5.25,49,58.1,14,7,20,20,3.67,236,353,63,470,A,Chi.
 -Joe Johnson,Tor.,A,13,9,4.42,33,175,0,2,17,13,4.32,48,260.2,0,135,A,Tor.
 -Barry Jones,Pit.,N,3,4,2.89,26,37.1,3,1,3,4,2.89,26,37.1,3,75,N,Pit.
 -Charlie Kerfeld,Hou.,N,11,2,2.59,61,93.2,7,2,15,4,3.07,72,138,7,110.03700000000001,N,Hou.
 -Jimmy Key,Tor.,A,14,11,3.57,36,232,0,3,32,22,3.46,134,506.2,10,875,A,Tor.
 -Eric King,Det.,A,11,4,3.51,33,138.1,3,1,11,4,3.51,33,138.1,3,80,A,Det.
 -Bob Kipper,Pit.,N,6,8,4.03,20,114,0,2,7,11,4.63,27,142,0,90,N,Pit.
 -Bob Knepper,Hou.,N,17,12,3.14,40,258,0,11,114,118,3.44,338,2145.1999999999998,1,1000,N,Hou.
 -Mike Krukow,S.F.,N,20,9,3.05,34,245,0,11,108,104,3.84,311,1859.1,1,618,N,S.F.
 -Mike LaCoss,S.F.,N,10,13,3.57,37,204.1,0,9,61,67,4.09,281,1179,6,300,N,S.F.
 -Pete Ladd,Sea.,A,8,6,3.82,52,70.2,6,6,17,23,4.1399999999999997,205,286.2,39,NA,A,Sea.
 -Dennis Lamp,Tor.,A,2,6,5.05,40,73,2,10,74,76,3.9,396,1353.2,33,NA,A,Tor.
 -Rick Langford,Oak.,A,1,10,7.36,16,55,0,11,73,106,4.01,260,1490.2,0,NA,A,Oak.
 -Mark Langston,Sea.,A,12,14,4.8499999999999996,37,239.1,0,3,36,38,4.43,96,591,0,370,A,Sea.
 -Tim Leary,Mil.,A,12,12,4.21,33,188.1,0,5,17,20,4.09,61,288,0,170,N,L.A.
 -Craig Lefferts,S.D.,N,9,8,3.09,83,107.2,4,4,22,22,2.89,261,385.2,17,500,N,S.D.
 -Charlie Leibrandt,K.C.,A,14,11,4.09,35,231.1,0,7,58,44,3.77,173,928.1,2,850,A,K.C.
 -Dennis Leonard,K.C.,A,8,13,4.4400000000000004,33,192.2,0,12,144,106,3.69,312,2187.1,1,NA,A,K.C.
 -Aurelio Lopez,Hou.,N,3,3,3.46,45,78,7,10,60,35,3.52,433,872.1,92,300,N,Hou.
 -Ed Lynch,Chi.,N,7,5,3.73,24,101.1,0,7,45,45,3.82,190,829.1,4,550,N,Chi.
 -Mike Maddux,Phi.,N,3,7,5.42,16,78,0,1,3,7,5.42,16,78,0,NA,N,Phi.
 -Rick Mahler,Atl.,N,14,18,4.88,39,237.2,0,8,61,59,3.85,216,1084,2,662.5,N,Atl.
 -Mike Mason,Tex.,A,7,3,4.33,27,135,0,5,25,35,4.3099999999999996,110,532,0,280,A,Tex.
 -Greg Mathews,St.L.,N,11,8,3.65,23,145.1,0,1,11,8,3.65,23,145.1,0,100,N,St.L.
 -Kirk McCaskill,Cal.,A,17,10,3.36,34,246.1,0,2,29,22,3.94,64,436,0,232,A,Cal.
 -Bob McClure,Mon.,N,4,6,3.19,65,79,6,12,48,48,3.86,424,924.1,41,550,N,Mon.
 -Lance McCullers,S.D.,N,10,10,2.78,70,136,5,2,10,12,2.68,91,171,10,125,N,S.D.
 -Roger McDowell,N.Y.,N,14,9,3.02,75,128,22,2,20,14,2.93,137,255.1,39,NA,N,N.Y.
 -Andy McGaffigan,Mon.,N,10,5,2.65,48,142.19999999999999,2,6,20,23,3.44,142,455.1,5,292.5,N,Mon.
 -Scott McGregor,Bal.,A,11,15,4.5199999999999996,34,203,0,11,136,98,3.84,326,2038.2,5,950,A,Bal.
 -Larry McWilliams,Pit.,N,3,11,5.15,49,122.1,0,9,68,67,3.91,258,1240.0999999999999,2,NA,N,Pit.
 -Greg Minton,S.F.,N,4,4,3.93,48,68.2,5,12,44,52,3.22,537,847,124,750,N,S.F.
 -Dale Mohorcic,Tex.,A,2,4,2.5099999999999998,58,79,7,1,2,4,2.5099999999999998,58,79,7,92.5,A,Tex.
 -Bill Mooneyham,Oak.,A,4,5,4.5199999999999996,45,99.2,2,1,4,5,4.5199999999999996,45,99.2,2,NA,A,Oak.
 -Donnie Moore,Cal.,A,4,5,2.97,49,72.2,21,11,36,36,3.64,375,596.1,80,1000,A,Cal.
 -Mike Moore,Sea.,A,11,13,4.3,38,266,1,5,48,62,4.4400000000000004,157,997.1,1,500,A,Sea.
 -Mike Morgan,Sea.,A,11,17,4.53,37,216.1,1,6,21,45,4.91,101,507.1,1,170,A,Sea.
 -Jack Morris,Det.,A,21,8,3.27,35,267,0,10,144,94,3.58,302,2123.1,0,1850,A,Det.
 -Jamie Moyer,Chi.,N,7,4,5.05,16,87.1,0,1,7,4,5.05,16,87.1,0,70,N,Chi.
 -Gene Nelson,Chi.,A,6,6,3.85,54,114.2,6,6,28,34,4.55,160,528.20000000000005,9,350,A,Oak.
 -Tom Niedenfuer,L.A.,N,6,6,3.71,60,80,11,6,29,28,2.76,295,424,63,725,N,L.A.
 -Joe Niekro,N.Y.,A,9,10,4.87,25,125.2,0,20,213,190,3.5,670,3426.1,16,775,A,N.Y.
 -Phil Niekro,Cle.,A,11,11,4.32,34,210.1,0,23,311,261,3.27,838,5264.2,30,500,A,Cle.
 -Juan Nieves,Mil.,A,11,12,4.92,35,184.2,0,1,11,12,4.92,35,184.2,0,115,A,Mil.
 -Al Nipper,Bos.,A,10,12,5.38,26,159,0,4,31,31,4.3499999999999996,83,519.20000000000005,0,325,A,Bos.
 -Bob Ojeda,N.Y.,N,18,5,2.57,32,217.1,0,7,62,44,3.83,172,935.2,1,625,N,N.Y.
-Randy O'Neal,Det.,A,3,7,4.33,37,122.2,2,3,10,13,3.82,69,235.2,3,100,N,Atl.
 -Steve Ontiveros,Oak.,A,2,2,4.71,46,72.2,10,2,3,5,3.3,85,147.1,18,NA,A,Oak.
 -Jesse Orosco,N.Y.,N,8,6,2.33,58,81,21,7,44,38,2.48,314,518.1,91,925,N,N.Y.
 -David Palmer,Atl.,N,11,10,3.65,35,209.2,0,7,49,36,3.36,157,787.1,2,725,N,Atl.
 -Dan Petry,Det.,A,5,10,4.66,20,116,0,8,98,74,3.58,227,1504.1,0,975,A,Det.
 -Dan Plesac,Mil.,A,10,7,2.97,51,91,14,1,10,7,2.97,51,91,14,140,A,Mil.
 -Eric Plunk,Oak.,A,4,7,5.31,26,120.1,0,1,4,7,5.31,26,120.1,0,75,A,Oak.
 -Mark Portugal,Min.,A,6,10,4.3099999999999996,27,112.2,1,2,7,13,4.53,33,137,1,85,A,Min.
 -Ted Power,Cin.,N,10,6,3.7,56,129,1,6,34,29,3.72,264,476.1,41,500,N,Cin.
 -Dan Quisenberry,K.C.,A,3,7,2.77,62,81.099999999999994,12,8,47,42,2.5099999999999998,506,845.1,229,875,A,K.C.
 -Dennis Rasmussen,N.Y.,A,18,6,3.88,31,202,0,4,30,17,4.0599999999999996,81,465,0,175,A,N.Y.
 -Shane Rawley,Phi.,N,11,7,3.54,23,157.19999999999999,0,9,81,79,3.8,374,1298.0999999999999,40,800,N,Phi.
 -Jeff Reardon,Mon.,N,7,9,3.94,62,89,35,8,42,46,2.8,456,666,162,825,A,Min.
 -Rick Reuschel,Pit.,N,9,16,3.96,35,215.2,0,14,162,155,3.43,436,2771.2,4,750,N,Pit.
 -Rick Rhoden,Pit.,N,15,12,2.84,34,253.2,0,13,121,97,3.48,333,2118,1,575,A,N.Y.
 -Dave Righetti,N.Y.,A,8,8,2.4500000000000002,74,106.2,46,7,58,44,3.01,294,832,107,800,A,N.Y.
 -Jose Rijo,Oak.,A,9,11,4.6500000000000004,39,193.2,1,3,17,23,4.45,75,319.2,3,110,A,Oak.
 -Don Robinson,Pit.,N,3,4,3.38,50,69.099999999999994,14,9,59,63,3.85,301,1137,31,620,N,Pit.
 -Jeff Robinson,S.F.,N,6,3,3.36,64,104.1,8,3,13,18,4.1500000000000004,106,288.10000000000002,8,190,N,S.F.
 -Ron Romanick,Cal.,A,5,8,5.5,18,106.1,0,3,31,29,4.24,82,531,0,NA,A,Cal.
 -Bruce Ruffin,Phi.,N,9,4,2.46,21,146.1,0,1,9,4,2.46,21,146.1,0,100,N,Phi.
 -Nolan Ryan,Hou.,N,12,8,3.34,30,178,0,20,253,226,3.15,611,4115.2,3,1000,N,Hou.
 -Bret Saberhagen,K.C.,A,7,12,4.1500000000000004,30,156,0,3,37,29,3.41,100,549,1,740,A,K.C.
 -Joe Sambito,Bos.,A,2,0,4.84,53,44.2,12,10,35,32,2.79,414,590.20000000000005,84,360,A,Bos.
 -Scott Sanderson,Chi.,N,9,11,4.1900000000000004,37,169.2,1,9,78,69,3.4,229,1313.2,3,866.66700000000003,N,Chi.
 -Calvin Schiraldi,Bos.,A,4,2,1.41,25,51,9,3,6,5,4.28,40,94.2,9,150,A,Bos.
 -Dave Schmidt,Chi.,A,3,6,3.31,49,92.1,8,6,23,28,3.18,221,436.1,34,375,A,Bal.
 -Ken Schrom,Cle.,A,14,7,4.54,34,206,0,6,45,38,4.46,144,746.1,1,425,A,Cle.
 -Mike Scott,Hou.,N,18,10,2.2200000000000002,37,275.10000000000002,0,8,65,62,3.7,212,1160,3,666.66700000000003,N,Hou.
 -Tom Seaver,Bos.,A,7,13,4.03,28,176.1,0,20,311,205,2.86,656,4782.2,1,NA,A,Bos.
 -Bob Sebra,Mon.,N,5,5,3.55,17,91.1,0,2,5,7,4.2699999999999996,24,111.2,0,70,N,Mon.
 -Jeff Sellers,Bos.,A,3,7,4.9400000000000004,14,82,0,2,5,7,4.66,18,104.1,0,77.5,A,Bos.
 -Bob Shirley,N.Y.,A,0,4,5.04,39,105.1,3,10,66,94,3.75,419,1390.1,18,500,A,N.Y.
 -Eric show,S.D.,N,9,5,2.97,24,136.1,0,6,62,46,3.3,188,949.2,6,787.5,N,S.D.
 -Jim Slaton,Det.,A,4,6,5.08,36,113.1,2,16,151,158,4.03,496,2683.1,14,400,A,Oak.
 -Bryn Smith,Mon.,N,10,8,3.94,30,187.1,0,6,49,41,3.27,193,836.1,6,NA,N,Mon.
 -Dave Smith,Hou.,N,4,7,2.73,54,56,33,7,38,29,2.61,361,526.20000000000005,100,650,N,Hou.
 -Lee Smith,Chi.,N,9,9,3.09,66,90.1,31,7,36,41,2.89,396,598.1,144,820,N,Chi.
 -Zane Smith,Atl.,N,8,16,4.05,38,204.2,1,3,18,26,3.85,83,371.2,1,150,N,Atl.
 -Mike Smithson,Min.,A,13,14,4.7699999999999996,34,198,0,5,56,59,4.1900000000000004,148,977,0,540,A,Min.
 -Mario Soto,Cin.,N,5,10,4.71,19,105,0,10,94,83,3.37,277,1611.1,4,1200,N,Cin.
 -Bob Stanley,Bos.,A,6,6,4.37,66,82.1,16,10,100,76,3.45,503,1374,123,1075,A,Bos.
 -Dave Stewart,Oak.,A,9,5,3.95,37,161.19999999999999,0,7,39,40,3.96,247,766,19,500,A,Oak.
 -Dave Stieb,Tor.,A,7,12,4.74,37,205,1,8,102,92,3.34,259,1859.1,1,850,A,Tor.
 -Rick Sutcliffe,Chi.,N,5,14,4.6399999999999997,28,176.2,0,10,86,68,3.84,251,1416.2,6,1800,N,Chi.
 -Don Sutton,Cal.,A,15,11,3.74,34,207,0,21,310,239,3.2,723,5001.1000000000004,5,550,A,Cal.
 -Bill Swift,Sea.,A,2,9,5.46,29,115.1,0,2,8,19,5.1100000000000003,52,236,0,NA,A,Sea.
 -Frank Tanana,Det.,A,12,9,4.16,32,188.1,0,14,159,153,3.4,408,2759.1,0,662.5,A,Det.
 -Kent Tekulve,Phi.,N,11,5,2.54,73,110,4,13,85,76,2.69,853,1199,176,800,N,Phi.
 -Walt Terell,Det.,A,15,12,4.5599999999999996,34,217.1,0,5,49,45,3.89,125,816,0,600,A,Det.
 -Bob Tewksbury,N.Y.,A,9,5,3.31,23,130.1,0,1,9,5,3.31,23,130.1,0,85,A,N.Y.
 -Mark Thurmond,Det.,A,7,8,4.5599999999999996,42,122.1,3,4,35,30,3.5,131,554.20000000000005,5,370,A,Det.
 -Jay Tibbs,Mon.,N,7,9,3.97,35,190.1,0,3,23,27,3.73,84,509,0,160,N,Mon.
 -Steve Trout,Chi.,N,5,7,4.75,37,161,0,9,74,75,3.94,242,1294.0999999999999,4,890,N,Chi.
 -John Tudor,St.L.,N,13,7,2.92,30,219,0,8,85,58,3.26,204,1342.2,1,1050,N,St.L.
 -Frank Viola,Min.,A,16,13,4.51,37,245.2,0,5,63,64,4.38,165,1090,0,830,A,Min.
 -Bob Walk,Pit.,N,7,8,3.75,44,141.19999999999999,2,7,33,32,4.3499999999999996,127,573.20000000000005,2,285,N,Pit.
 -Bill Wegman,Mil.,A,5,12,5.13,35,198.1,0,2,7,12,5,38,216,0,80,A,Mil.
 -Chris Welsh,Cin.,N,6,9,4.78,24,139.1,0,5,22,31,4.45,122,538,0,NA,N,Cin.
 -Mitch Williams,Tex.,A,8,6,3.58,80,98,8,1,8,6,3.58,80,98,8,120,A,Tex.
 -Frank Wills,Cle.,A,4,4,4.91,26,40.1,4,4,13,19,5.4,66,235,5,NA,A,Cle.
 -Jim Winn,Pit.,N,3,5,3.58,50,88,3,4,7,11,4.47,96,193.1,4,140,A,Chi.
 -Bobby Witt,Tex.,A,11,9,5.48,31,157.19999999999999,0,1,11,9,5.48,31,157.19999999999999,0,92.5,A,Tex.
 -Todd Worrell,St.L.,N,9,10,2.08,74,103.2,36,2,12,10,2.23,91,125.1,41,150,N,St.L.
 -Floyd Youmans,Mon.,N,13,12,3.53,33,219,0,2,17,15,3.25,47,296,0,145,N,Mon.
 -Curt Young,Oak.,A,13,9,3.45,29,198,0,4,22,18,4.43,76,361.2,0,150,A,Oak.
 -Matt Young,Sea.,A,8,6,3.82,65,103.2,13,4,37,48,4.3499999999999996,157,639,14,350,N,L.A.
 -Ron Robinson,Cin.,N,10,3,3.24,70,116.2,14,3,18,12,3.47,115,264.2,15,185,N,Cin.
 -Fernando Valenzuela,L.A.,N,21,11,3.14,34,269.10000000000002,0,7,99,68,2.94,210,1554.2,1,1850,N,L.A.
 -Bob Welch,L.A.,N,7,13,3.28,33,235.2,0,9,100,77,3.31,257,1568.1,8,837.5,N,L.A.
 -Brian Fisher,N.Y.,A,9,5,4.93,62,96.2,6,2,13,9,3.65,117,195,20,180,N,Pit.
 -Chris Codiroli,Oak.,A,5,8,4.03,16,91.2,0,5,38,40,4.59,121,629.1,2,295,A,Oak.
//GO.SYSIN DD pitcher.final,,,,,,,,,,,,,,,,,,
echo team.final 1>&2,,,,,,,,,,,,,,,,,,
league,division,standing in 86,team,wins in 86,losses in 86,home attendance in 86,away attendance in 86,av salary in 87,,,,,,,,,,
 -N,E,1,N.Y.,108,54,2767601,2176615,526899,,,,,,,,,,
 -N,E,2,Phi.,86,75,1933335,1721147,540930,,,,,,,,,,
 -N,E,3,St.L.,79,82,2471974,1695738,445049,,,,,,,,,,
 -N,E,4,Mon.,78,83,1128981,1926119,312959,,,,,,,,,,
 -N,E,5,Chi.,70,90,1859102,1879706,556256,,,,,,,,,,
 -N,E,6,Pit.,64,98,1000917,1651057,223730,,,,,,,,,,
 -N,W,1,Hou.,96,66,1734276,1816220,430363,,,,,,,,,,
 -N,W,2,Cin.,86,76,1692432,1849888,313194,,,,,,,,,,
 -N,W,3,S.F.,83,79,1528748,1924802,326583,,,,,,,,,,
 -N,W,4,S.D.,74,88,1805716,1779829,405340
 -N,W,5,L.A.,73,89,3023208,2074970,580250
 -N,W,6,Atl.,72,89,1387181,1837380,462188
 -a,E,1,Bos.,95,66,2147641,2266765,552646
 -a,E,2,N.Y.,90,72,2268030,2196697,551519
 -a,E,3,Det.,87,75,1899437,1821142,445978
 -a,E,4,Tor.,86,76,2455477,1716243,423417
 -a,E,5,Cle.,84,78,1471805,1727486,363073
 -a,E,6,Mil.,77,84,1265041,1707552,266542
 -a,E,7,Bal.,73,89,1973176,1737994,550229
 -a,W,1,Cal.,92,70,2655872,1685439,408181
 -a,W,2,Tex.,87,75,1692002,1670132,240250
 -a,W,3,K.C.,76,86,2320794,1909566,405833
 -a,W,4,Oak.,76,86,1314646,1614837,392951
 -a,W,5,Chi.,72,90,1424313,1852893,371979
 -a,W,6,Min.,71,91,1255453,1707440,432097
 -a,W,7,Sea.,67,95,1029045,1558546,186146
//GO.SYSIN DD team.final,,,,,,,,
 ,,,,,,,,
